<?xml version="1.0" encoding="UTF-8" standalone="yes"?>
<addon
  id="plugin.video.salemmax.xomgiaitri"
  version="1.1.13"
  name="[COLOR lime][B]Xóm Giải Trí[/B][/COLOR]"
  provider-name="thongld">
  <requires>
    <import addon="xbmc.python" version="2.1.0"/>
  </requires>
  <extension point="xbmc.python.pluginsource" library="default.py">
        <provides>video</provides>
  </extension>
  <extension point="xbmc.addon.metadata">
    <summary>xomiaitri.com</summary>
    <description>Watch free xomiaitri.com (Vietnamese) Videos</description>
    <platform>all</platform>
  </extension>
</addon>