<?xml version="1.0" encoding="UTF-8" standalone="yes"?>
<addon
  id="plugin.video.salemmax.phimvang"
  version="1.0.0"
  name="[COLOR lime][B]Phim Vàng[/B][/COLOR]"
  provider-name="traitravinh">
  <requires>
    <import addon="xbmc.python" version="2.1.0" optional="true"/>
    <import addon="script.module.requests" version="2.4.3" />        
  </requires>
  <extension point="xbmc.python.pluginsource"
            library="phimvang.py">
        <provides>video</provides>
  </extension>
  <extension point="xbmc.addon.metadata">
    <summary>Watch Movies</summary>
    <description>Watch Movies on phimvang.com</description>
    <platform>all</platform>
  </extension>
</addon>