<?xml version="1.0" encoding="UTF-8" standalone="yes"?>

<addon 
	id="repository.salemmax" 
	version="1.0.0" 
	name="[COLOR lime][B]salemmax Repository[/B][/COLOR]" 
	provider-name="salemmax">
	<requires>
		<import addon="xbmc.addon" version="12.0.0"/>
	</requires>
	<extension point="xbmc.addon.repository"
		name="[COLOR lime][B]salemmax Repository[/B][/COLOR]">
		<info compressed="true">https://raw.github.com/salemmax/max/master/addons.xml</info>
		<checksum>https://raw.github.com/salemmax/max/master/addons.xml.md5</checksum>
		<datadir zip="true">https://github.com/salemmax/max/raw/master/zips/</datadir>
	</extension>
	<extension point="xbmc.addon.metadata">
		<summary lang="en">Install addon from salemmax's repository</summary>
		<description lang="en">[COLOR red][B]salemmax[/COLOR]-[COLOR lime]Repository tập hợp các addon và repository giải trí online trên XBMC - Kodi[/B][/COLOR]</description>
		<disclaimer lang="en">Mọi nội dung được lấy từ Internet vì vậy chúng tôi không chịu trách nhiệm về chất lượng cũng như sự ổn định</disclaimer>
		<email>contact@salemmax.net</email>
		<platform>all</platform>
	</extension>
</addon>